"Comment","Designator","Footprint","LCSC Part","Part.Number","Manufacturer","Assembly"
"Resistor, 4.7 KOhm, 1%, 0.125 W, -55 to 155 degC, 0805","R9,R10,R11,R12,R25,R26,R27,R28,R33,R34,R41,R42","db_resistors:R_0805","C17673","","",""
"Header 3.81mm, 9W, 180° 300V","CN1","Library:PhoenixContact_MCV_1,5_9-G-3.81_1x09_P3.81mm_Vertical","C49737","WJ15EDGVC-3.81-09P-14-00A","KANGNEX","PTH"
"Header 3.81mm, 5W, 180° 300V","CN2","Library:PhoenixContact_MCV_1,5_5-G-3.81_1x05_P3.81mm_Vertical","C8391","WJ15EDGVC-3.81-05P-14-00A","KANGNEX","PTH"
"Header 3.81mm, 2W, 180° 300V","CN3","Library:PhoenixContact_MCV_1,5_2-G-3.81_1x02_P3.81mm_Vertical","C8396","WJ15EDGVC-3.81-02P-14-00A","KANGNEX","PTH"
"Plug 3.81mm, 9W, 180°, 300V","CNP1","","C31287","WJ15EDGK-3.81-09P-14-00A","KANGNEX","PTH"
"Plug 3.81mm, 5W, 180°, 300V","CNP2","","C3804","WJ15EDGK-3.81-05P-14-00A","KANGNEX","PTH"
"Plug 3.81mm, 2W, 180°, 300V","CNP3","","C8466","WJ15EDGK-3.81-02P-14-00A","KANGNEX","PTH"
"LCD 16x2 Alphanumeric , 8 bit parallel bus, 5V VDD","DS1","Library:WC1602A","","MGD1602A-NSW-BBS-01","","PTH"
"Capacitor MLCC SMT 50V 100nF X7R 0805 10%","C1,C2,C3,C4,C5,C6,C7,C8,C16,C18,C19,C20,C21,C23,C24,C26,C28,C34,C35,C38,C41","Library:C_0805","C49678","CC0805KRX7R9BB104","YAGEO","SMT"
"Capacitor MLCC SMT 50V 4.7uF X7R 1206 10%","C9,C10","Library:C_1206","C29823","1206B475K500NT","FH","SMT"
"Capacitors MLCC SMT 50V 10nF X7R 0805 10%","C11","Library:C_0805","C1710","CL21B103KBANNNC","Samsung Electro-Mechanics","SMT"
"Aluminum Electrolytic Capacitor 100uF, 50 V, +/- 20%, -55 to 105 degC, 8x10mm DxL","C13,C14","Library:CP_Elec_8x10","C134502","VEJ101M1HTR-0810L","Lelon","SMT"
"Capacitor MLCC SMT 50V 1uF X7R 0805 10%","C17,C22,C31","Library:C_0805","C28323","CL21B105KBFNNNE","Samsung Electro-Mechanics","SMT"
"Tantalum Capacitor 47uF, 10 V, +/- 20%, -55 to 125 degC, CaseB","C33,C40","Library:CP_3528-CaseB","C444792","TPSB476K010R0350","Kyocera AVX","SMT"
"LL4148, LL-34 Switching Diodes ROHS","D1,D2,D3,D4","Library:D_MiniMELF","C84062","LL4148","Changzhou Starsea Elec","SMT"
"TVS DO-214AC(SMA) 26V (9.5A) ESD and Surge Protection","D5","Library:D_SMA","C49370","SMAJ26A","RUILON","SMT"
"SS14 - Diode, Schottky, 1a, 40v, DO-214AC","D8,D10","Library:D_SMA","C2480","SS14","MDD(Microdiode Semiconductor)","SMT"
"600Ω @ 100MHz 1 1.3A 150mΩ 0603 Ferrite Bead","L1,L2","Library:L_0603_1608Metric","C85833","BLM18KG601SN1D","muRata","SMT"
"116mΩ 22uH 2A Magnetic Shielded Inductor ±20% SMD,6x6mm Power Inductors","L4","Library:L_SMD_6x6x4.5mm","C168080","FNR6045S220MT","cjiang","SMT"
"LED 0805 Red","LD1,LD2,LD3,LD4,LD5,LD6,LD7,LD8,LD9,LD10,LD11,LD12,LD13","Library:LED_0805_2012Metric","C84256","NCD0805R1","NATIONSTAR","SMT"
"NPN transistor, base/emitter/collector","Q1,Q2,Q3,Q4,Q5,Q6,Q7,Q8,Q9,Q10,Q11,Q12,Q13,Q14","Library:TSOT-23","C2145","MMBT5551","JSCJ","SMT"
"Resistor, 1 KOhm, 1%, 0.125 W, -55 to 155 degC, 0805","R1,R3,R5,R7,R17,R19,R21,R23,R37,R38,R45,R46,R49,R60,R63,R74","Library:R_0805","C17513","0805W8F1001T5E","UNI-ROYAL","SMT"
"Resistor, 10 KOhm, 1%, 0.125 W, -55 to 155 degC, 0805","R2,R4,R6,R8,R13,R14,R15,R16,R18,R20,R22,R24,R29,R30,R31,R32,R39,R40,R47,R48,R50,R51,R53,R55,R56,R57,R58,R61,R62,R64,R67,R68,R71,R72,R75","Library:R_0805","C17414","0805W8F1002T5E","UNI-ROYAL","SMT"
"Resistor, 0 Ohm, -55 to 155 degC, 0805","R35,R52,R82","Library:R_0805","C17477","0805W8F0000T5E","UNI-ROYAL","SMT"
"Resistor, 3.24 KOhm, 1%, 0.125 W, -55 to 155 degC, 0805","R36","db_resistors:R_0805","C17609","0805W8F3241T5E","UNI-ROYAL","SMT"
"Resistor, 120 Ohm, 1%, 0.125 W, -55 to 155 degC, 0805","R59,R65,R66,R69,R70,R73,R86,R87","Library:R_0805","C17437","0805W8F1200T5E","UNI-ROYAL","SMT"
"Resistor, 100 KOhm, 1%, 0.125 W, -55 to 155 degC, 0805","R79,R80,R83,R84","Library:R_0805","C96346","RC0805FR-07100KL","YAGEO","SMT"
"Resistor, 10 Ohm, 1%, 0.125 W, -55 to 155 degC, 0805","R85","Library:R_0805","C17415","0805W8F100JT5E","UNI-ROYAL","SMT"
"3A, Step Down Swift Converter, Adjustable Output Voltage, 5.5-36V Input Voltage, PowerSO-8","U1","Library:TI_SO-PowerPAD-8_ThermalVias","C9864","TPS5430DDAR","TI","SMT"
"300mA Low-dropout Voltage Regulator, Vout 3.3V, Vin up to 5.5V, SOT-23-5","U2","Library:SOT-23-5","C88419","MIC5504-3.3YM5-TR","MICROCHIP","SMT"
"ARM Microcontrollers - MCU Ultra-low-power Arm Cortex-M3 MCU 64 Kbytes of Flash , 32 MHz CPU, USB","U3","Library:LQFP-48_7x7mm_P0.5mm","C9861","STM32L151C8T6","ST","SMT"
"5.5V, 2.1A, Adjustable Current Limiting Power Distribution Switch, SOT-23-6","U5,U7","Library:SOT-23-6"," C55266","TPS2553DBVR","TI","SMT"
